,City,Cloudiness,Country,Date,Humidity,Lat,Lng,Max Temp,Wind Speed
0,Lebu,75,ET,1563119239,68,8.96,38.73,64.4,6.93
1,Langsa,100,ID,1563119240,97,4.47,97.97,70.43,1.95
2,Pisco,90,PE,1563118958,30,-13.71,-76.2,71.6,4.7
3,Bluff,59,AU,1563119243,50,-23.58,149.07,46.85,6.17
4,Chunskiy,100,RU,1563119244,96,56.08,99.63,58.01,2.64
5,Tuktoyaktuk,75,CA,1563119245,82,69.44,-133.03,57.2,4.7
6,Huarmey,99,PE,1563119247,84,-10.07,-78.15,62.87,10.85
7,Ushuaia,40,AR,1563119248,93,-54.81,-68.31,39.2,5.82
8,Broome,75,GB,1563119249,63,52.47,1.45,68.0,11.41
9,Sambava,97,MG,1563119250,76,-14.27,50.17,66.47,4.63
10,Kochevo,90,BG,1563119252,77,42.1,24.92,66.2,4.7
11,Hasaki,75,JP,1563119253,94,35.73,140.83,68.0,6.93
12,Hilo,90,US,1563119047,69,19.71,-155.08,73.4,4.7
13,Mataura,71,NZ,1563119255,78,-46.19,168.86,41.99,9.15
14,Dunedin,85,NZ,1563119257,70,-45.87,170.5,44.01,18.01
15,Koumac,17,NC,1563119258,79,-20.56,164.28,71.69,14.76
16,Qaanaaq,25,GL,1563119259,58,77.48,-69.36,46.13,13.56
17,Butaritari,8,KI,1563119261,68,3.07,172.79,83.57,3.83
18,Rikitea,7,PF,1563119262,85,-23.12,-134.97,74.39,16.44
19,Maryborough,30,AU,1563119263,61,-25.54,152.7,43.61,5.84
20,Porto Murtinho,99,BR,1563119264,48,-21.7,-57.88,75.47,4.81
21,Busselton,30,AU,1563119266,60,-33.64,115.35,50.0,19.53
22,Makakilo City,75,US,1563119267,83,21.35,-158.09,78.8,9.17
23,Bredasdorp,33,ZA,1563119268,63,-34.53,20.04,64.4,11.41
24,Kungurtug,100,RU,1563119269,89,50.6,97.53,55.13,0.81
25,Bathsheba,40,BB,1563119271,66,13.22,-59.52,86.0,24.16
26,Talnakh,0,RU,1563119272,77,69.49,88.39,62.6,6.71
27,Albany,75,US,1563119273,51,42.65,-73.75,82.99,17.22
28,Atuona,14,PF,1563119274,78,-9.8,-139.03,79.79,17.05
29,Thompson,75,CA,1563119276,82,55.74,-97.86,59.0,9.17
30,Troitskoye,0,RU,1563119277,66,52.98,84.68,71.33,11.77
31,Puerto Ayora,20,EC,1563119172,69,-0.74,-90.35,77.0,14.99
32,Port Alfred,15,ZA,1563119259,83,-33.59,26.89,64.0,1.01
33,San Cristobal,25,HN,1563119281,59,14.68,-86.92,76.73,7.25
34,Bridgetown,0,AU,1563119282,79,-33.96,116.14,50.0,1.99
35,Bambous Virieux,40,MU,1563119283,60,-20.34,57.76,71.6,5.82
36,Cairns,53,AU,1563119082,82,-16.92,145.77,62.6,10.29
37,Srednekolymsk,28,RU,1563119286,56,67.46,153.71,55.49,19.48
38,Dinguiraye,68,GN,1563119287,67,11.29,-10.71,85.55,1.23
39,Avarua,0,CK,1563119039,88,-21.21,-159.78,64.4,2.24
40,Matagami,100,NG,1563119289,83,9.67,8.4,77.63,6.67
41,North Platte,1,US,1563119291,61,41.12,-100.77,82.99,6.93
42,Cherskiy,97,RU,1563119292,66,68.75,161.3,43.97,19.82
43,Jumla,89,NP,1563119293,90,29.28,82.18,56.21,2.98
44,Kahului,1,US,1563119236,73,20.89,-156.47,77.0,11.41
45,New Norfolk,75,AU,1563119296,70,-42.78,147.06,44.01,11.41
46,Saint-Philippe,90,CA,1563119297,68,45.36,-73.48,75.99,6.93
47,Trairi,40,BR,1563119298,46,-3.28,-39.27,87.71,7.72
48,Geraldton,75,CA,1563119299,47,49.72,-86.95,75.2,14.99
49,Hithadhoo,34,MV,1563119075,78,-0.6,73.08,83.57,11.36
50,Bend,1,US,1563119169,55,44.06,-121.32,63.0,3.06
51,Mahebourg,40,MU,1563119088,60,-20.41,57.7,71.6,5.82
52,The Valley,40,AI,1563119188,62,18.22,-63.06,86.0,18.34
53,East London,0,ZA,1563119305,68,-33.02,27.91,68.0,2.24
54,Weligama,79,LK,1563119307,77,5.97,80.42,83.75,10.92
55,Camacha,40,PT,1563119129,73,33.08,-16.33,77.0,12.75
56,Punta Arenas,40,CL,1563119309,100,-53.16,-70.91,33.8,11.41
57,Broken Hill,90,AU,1563119310,66,-31.97,141.45,50.0,16.11
58,Carnarvon,0,ZA,1563119037,15,-30.97,22.13,67.91,16.98
59,Lata,99,IN,1563119313,96,30.78,78.62,42.89,3.31
60,Bahia Blanca,100,AR,1563119314,53,-38.72,-62.27,52.07,9.75
61,Cape Town,0,ZA,1563119200,67,-33.93,18.42,60.01,12.75
62,Zhezkazgan,0,KZ,1563119316,15,47.8,67.71,90.41,10.58
63,Takoradi,77,GH,1563119318,64,4.89,-1.75,82.13,5.32
64,Sale,100,AU,1563119319,93,-38.11,147.06,48.0,15.93
65,Hami,76,CN,1563119320,14,42.84,93.51,87.89,6.4
66,Georgetown,75,GY,1563119321,70,6.8,-58.16,86.0,11.41
67,Jamestown,56,AU,1563119095,95,-33.21,138.6,44.87,9.06
68,Tuatapere,100,NZ,1563119324,62,-46.13,167.69,47.75,23.02
69,Khromtau,68,KZ,1563119325,49,50.26,58.44,83.03,6.49
70,Valdez,90,US,1563119153,81,61.13,-146.35,51.8,5.82
71,Longyearbyen,75,NO,1563119327,75,78.22,15.63,46.4,9.17
72,Bethel,90,US,1563119144,100,60.79,-161.76,57.2,3.36
73,Kadoshkino,68,RU,1563119330,76,54.03,44.42,67.19,4.68
74,Vaini,75,IN,1563119331,94,15.34,74.49,71.6,4.7
75,Masallatah,0,LY,1563119332,12,32.62,14.0,103.73,12.15
76,Siloam Springs,90,US,1563119127,78,36.19,-94.54,81.0,9.17
77,Puerto Escondido,40,MX,1563119335,74,15.86,-97.07,82.4,6.93
78,Saldanha,0,PT,1563119336,31,41.42,-6.55,88.61,1.83
79,Chokurdakh,100,RU,1563119337,91,70.62,147.9,45.95,5.46
80,Hermanus,44,ZA,1563119339,85,-34.42,19.24,59.0,20.78
81,Hobart,75,AU,1563119340,70,-42.88,147.33,44.01,11.41
82,Port Elizabeth,1,US,1563119341,55,39.31,-74.98,91.0,9.17
83,Pangai,98,TO,1563119343,77,-19.8,-174.35,72.59,19.57
84,Sucua,90,EC,1563119344,100,-2.46,-78.17,66.2,2.24
85,Guerrero Negro,0,MX,1563119345,88,27.97,-114.04,67.19,5.28
86,Ngunguru,0,NZ,1563119346,95,-35.62,174.5,46.0,4.0
87,Ponta do Sol,3,BR,1563119348,35,-20.63,-46.0,78.71,5.17
88,Ketchikan,90,US,1563119116,93,55.34,-131.65,60.8,11.41
89,Meulaboh,100,ID,1563119350,68,4.14,96.13,83.75,5.82
90,Dingle,100,PH,1563119351,89,11.0,122.67,74.39,4.56
91,Hokitika,3,NZ,1563119353,79,-42.72,170.96,45.41,10.33
92,Khatanga,0,RU,1563119354,53,71.98,102.47,56.03,9.37
93,Grand Gaube,40,MU,1563119355,60,-20.01,57.66,71.6,5.82
94,Hualmay,100,PE,1563119356,81,-11.1,-77.61,62.33,9.08
95,Kapaa,75,US,1563119358,88,22.08,-159.32,77.0,11.41
96,Alice Springs,0,AU,1563119174,60,-23.7,133.88,39.2,6.93
97,Port Hardy,90,CA,1563119118,100,50.7,-127.42,57.2,4.7
98,Kiama,4,AU,1563119361,58,-34.67,150.86,55.0,28.86
99,Codrington,0,AU,1563119363,61,-28.95,153.24,50.0,10.29
100,Zhigansk,32,RU,1563119364,70,66.77,123.37,56.57,12.41
101,Badiraguato,40,MX,1563119365,66,25.36,-107.55,91.0,0.92
102,Somerset East,0,ZA,1563119366,15,-32.72,25.59,74.57,13.78
103,Port-Cartier,90,CA,1563119368,93,50.03,-66.88,57.99,14.99
104,Kodiak,1,US,1563119369,28,39.95,-94.76,90.0,6.93
105,Quang Ngai,87,VN,1563119370,98,15.12,108.8,71.51,2.82
106,Vila Velha,40,BR,1563119371,58,-3.71,-38.6,86.0,18.34
107,Murray,1,US,1563119246,41,40.67,-111.89,82.99,18.34
108,Dikson,81,RU,1563119374,76,73.51,80.55,38.75,14.92
109,Severo-Kurilsk,79,RU,1563119375,91,50.68,156.12,43.97,10.87
110,Morondava,0,MG,1563119376,63,-20.3,44.28,75.83,14.74
111,Sitka,33,US,1563119377,57,37.17,-99.65,82.99,3.0
112,Kruisfontein,23,ZA,1563119379,76,-34.0,24.73,57.11,11.61
113,Badin,93,PK,1563119380,68,24.66,68.84,85.19,25.88
114,Norman Wells,75,CA,1563119381,67,65.28,-126.83,57.2,4.7
115,Tabuk,100,PH,1563119383,96,17.41,121.44,64.67,2.08
116,Barrow,92,AR,1563119384,56,-38.31,-60.23,51.71,8.55
117,Mogadishu,41,SO,1563119342,79,2.04,45.34,77.81,16.62
118,Bielsk Podlaski,0,PL,1563119386,56,52.77,23.19,66.99,3.0
119,Pemba,20,MZ,1563119388,78,-12.97,40.52,77.0,17.22
120,Ilulissat,20,GL,1563119389,50,69.22,-51.1,53.6,6.93
121,Stephenville,75,CA,1563119390,77,48.55,-58.59,64.4,8.05
122,Wildwood,40,US,1563119392,74,38.58,-90.63,87.01,9.17
123,Guiratinga,15,BR,1563119393,26,-16.35,-53.76,91.67,4.45
124,Iracoubo,1,GF,1563119394,55,5.48,-53.21,87.53,3.74
125,Ostrovnoy,47,RU,1563119396,77,68.05,39.51,45.05,7.87
126,Taywarah,0,AF,1563119397,14,33.35,64.42,74.75,17.58
127,Udachnyy,40,RU,1563119398,63,66.42,112.4,62.6,4.47
128,Jiangkou,0,CN,1563119399,81,30.7,117.56,73.67,1.52
129,Torbay,90,CA,1563119345,100,47.66,-52.73,57.0,11.41
130,Sfantu Gheorghe,40,RO,1563119402,93,44.65,26.83,66.99,6.93
131,Saskylakh,0,RU,1563119403,59,71.97,114.09,47.39,11.3
132,Ojinaga,1,US,1563119404,33,29.56,-104.41,87.8,6.93
133,Sharjah,0,AE,1563119406,47,25.36,55.39,98.6,10.29
134,Suoyarvi,70,RU,1563119407,57,62.08,32.35,57.65,7.31
135,Ahuimanu,75,US,1563119408,83,21.44,-157.84,78.8,9.17
136,Flin Flon,75,CA,1563119409,82,54.77,-101.88,60.8,5.82
137,Tiksi,4,RU,1563119411,74,71.64,128.87,40.55,3.74
138,Jining,37,CN,1563119412,46,35.41,116.58,83.57,10.85
139,Lasa,20,CY,1563119413,69,34.92,32.53,80.6,14.99
140,Faanui,97,PF,1563119414,75,-16.48,-151.75,79.07,12.35
141,Arrah,75,IN,1563119416,79,25.56,84.66,87.8,4.7
142,Lufilufi,11,WS,1563119417,80,-13.87,-171.6,81.05,17.72
143,Charleston,1,US,1563119418,59,32.79,-79.94,91.0,11.41
144,Valparaiso,5,US,1563119419,69,41.47,-87.06,87.01,6.93
145,Pitsunda,40,GE,1563119421,53,43.16,40.34,73.4,8.95
146,Luderitz,0,NA,1563119422,67,-26.65,15.16,62.6,10.29
147,Ribeira Grande,40,PT,1563119423,60,38.52,-28.7,75.2,16.11
148,Valentin Gomez Farias,5,MX,1563119424,60,24.05,-104.7,70.0,11.95
149,Namibe,0,AO,1563119426,73,-15.19,12.15,73.4,11.41
150,Vardo,1,US,1563119427,55,39.62,-77.74,89.01,6.93
151,Rawson,99,AR,1563119428,50,-43.3,-65.11,49.73,17.31
152,Lodja,5,CD,1563119429,30,-3.52,23.6,92.75,4.79
153,Talaya,0,RU,1563119431,56,55.79,84.89,71.6,2.24
154,Fukue,75,JP,1563119432,88,35.03,136.69,78.01,3.36
155,Mahibadhoo,67,MV,1563119433,74,3.78,72.97,81.77,2.08
156,Anito,100,PH,1563119434,94,12.45,125.29,74.39,3.51
157,Katherine,100,AU,1563119436,39,-14.47,132.26,62.6,9.17
158,Beringovskiy,87,RU,1563119437,93,63.05,179.32,53.33,3.4
159,Grootfontein,0,NA,1563119438,9,-19.56,18.1,77.0,11.41
160,Sola,0,TZ,1563119439,29,-3.17,33.8,83.21,7.56
161,Cascais,20,PT,1563119441,69,38.7,-9.42,77.0,11.41
162,Kargasok,28,RU,1563119442,62,59.06,80.87,67.01,3.31
163,Half Moon Bay,90,US,1563119338,93,37.46,-122.43,68.0,5.82
164,High Prairie,100,CA,1563119413,85,55.43,-116.48,59.09,7.45
165,Dingzhou,0,CN,1563119445,69,38.51,115.0,82.4,2.24
166,Nanortalik,98,GL,1563119447,89,60.14,-45.24,40.37,4.92
167,Troitsko-Pechorsk,100,RU,1563119448,94,62.71,56.19,60.17,3.85
168,Twin Falls,1,US,1563119449,37,42.57,-114.46,71.6,9.17
169,Finnsnes,75,NO,1563119451,62,69.23,17.98,55.4,8.05
170,Seybaplaya,75,MX,1563119452,74,19.65,-90.67,84.2,11.41
171,Bud,20,NO,1563119453,71,62.91,6.91,57.2,8.05
172,Airai,33,TL,1563119454,78,-8.93,125.41,67.37,5.12
173,Tarpon Springs,75,US,1563119456,74,28.15,-82.76,91.99,5.82
174,Skagen,33,SE,1563119457,49,58.6,13.44,73.4,9.17
175,Bambanglipuro,2,ID,1563119458,79,-7.95,110.28,76.19,17.4
176,Cockburn Town,0,TC,1563119460,76,21.46,-71.14,81.77,15.82
177,Klaksvik,90,FO,1563119461,100,62.23,-6.59,51.8,2.24
178,Henties Bay,0,NA,1563119462,93,-22.12,14.28,55.0,5.01
179,Mitu,0,IR,1563119463,13,36.2,46.09,85.01,15.77
180,Bocas del Toro,93,PA,1563119465,55,9.33,-82.25,61.0,6.08
181,San Quintin,100,PH,1563119442,87,17.54,120.52,77.09,2.26
182,Chuy,100,UY,1563119467,73,-33.69,-53.46,51.17,8.77
183,Hennenman,0,ZA,1563119468,23,-27.97,27.03,66.99,1.99
184,Suzhou,2,CN,1563119283,80,31.3,120.58,80.01,5.48
185,Moron,4,HT,1563119471,68,18.56,-74.26,83.75,4.88
186,Genhe,29,CN,1563119472,86,50.78,121.52,57.11,1.07
187,Narsaq,75,GL,1563119473,48,60.91,-46.05,62.6,8.05
188,Arraial do Cabo,0,BR,1563119475,54,-22.97,-42.02,82.4,5.82
189,Cacoal,0,BR,1563119476,36,-11.43,-61.44,90.23,5.08
190,Arlit,0,NE,1563119477,10,18.74,7.39,106.07,3.67
191,Moses Lake,1,US,1563119434,52,47.13,-119.28,71.6,6.93
192,Plesetsk,1,RU,1563119480,47,62.71,40.29,63.23,5.26
193,Sao Filipe,86,CV,1563119481,85,14.9,-24.5,74.03,11.05
194,Te Anau,56,NZ,1563119482,76,-45.41,167.72,38.39,6.29
195,Vila Franca do Campo,20,PT,1563119364,73,37.72,-25.43,73.4,9.17
196,Maloy,26,ID,1563119485,88,1.0,118.1,75.65,2.91
197,Mehamn,75,NO,1563119486,66,71.03,27.85,48.2,9.17
198,Neiafu,75,TO,1563119487,94,-18.65,-173.98,71.6,13.87
199,Corinto,40,CO,1563119489,73,3.17,-76.26,77.0,5.82
200,Hofn,75,IS,1563119490,93,64.25,-15.21,57.2,4.7
201,Inhambane,0,MZ,1563119491,64,-23.87,35.38,73.4,6.93
202,Dombarovskiy,99,RU,1563119492,54,50.76,59.54,83.03,10.13
203,Taltal,100,CL,1563119494,50,-25.41,-70.49,61.97,6.02
204,Badlapur,75,IN,1563119495,83,19.16,73.27,84.2,10.29
205,Provideniya,95,RU,1563119496,87,64.42,-173.23,51.35,5.17
206,Castro,75,CL,1563119497,87,-42.48,-73.76,46.4,9.17
207,Pauini,0,BR,1563119499,49,-7.71,-67.0,89.33,3.2
208,Shache,68,CN,1563119500,58,38.42,77.24,88.0,9.37
209,Fayaoue,25,NC,1563119501,73,-20.65,166.53,72.77,6.33
210,Kondoa,40,TZ,1563119502,40,-4.91,35.78,75.47,8.84
211,Dargaville,2,NZ,1563119504,67,-35.94,173.86,58.37,26.91
212,Rudnyy,0,KZ,1563119505,23,52.96,63.12,87.8,13.42
213,Katsuura,75,JP,1563119507,94,33.93,134.5,73.4,8.05
214,Ahipara,0,NZ,1563119508,67,-35.17,173.16,58.91,25.46
215,Bestobe,4,KZ,1563119509,40,52.5,73.1,79.43,9.82
216,Tasiilaq,100,GL,1563119510,75,65.61,-37.64,42.8,5.82
217,Zhaotong,100,CN,1563119512,83,27.34,103.71,56.57,1.86
218,Quelimane,20,MZ,1563119513,60,-17.88,36.89,75.2,5.82
219,Saint George,40,GR,1563119514,51,39.45,22.34,80.6,11.41
220,Maningrida,15,AU,1563119515,69,-12.05,134.23,65.57,11.59
221,Cayenne,75,GF,1563119429,58,4.94,-52.33,87.8,6.93
222,Lima,90,PE,1563119518,77,-12.06,-77.04,62.6,4.7
223,Hounde,0,BF,1563119519,45,11.5,-3.52,89.87,4.23
224,Noumea,90,NC,1563119520,100,-22.28,166.46,62.6,17.76
225,Ostersund,0,SE,1563119521,71,63.18,14.64,53.6,23.04
226,Fortuna,20,US,1563119523,87,40.6,-124.16,63.0,12.01
227,Comodoro Rivadavia,0,AR,1563119524,54,-45.87,-67.48,53.6,11.41
228,Nampula,75,MZ,1563119525,60,-15.12,39.26,75.2,8.05
229,Orange Cove,1,US,1563119527,39,36.62,-119.31,86.0,6.93
230,Bereda,20,ES,1563119528,69,43.27,-7.54,80.01,10.29
231,Ionia,1,US,1563119529,40,42.99,-85.07,81.0,6.93
232,Ruidoso,1,US,1563119530,33,33.33,-105.67,84.2,4.7
233,Emba,20,CY,1563119532,69,34.81,32.42,80.6,14.99
234,Upernavik,0,GL,1563119533,86,72.79,-56.15,45.05,4.63
235,Wawa,0,NG,1563119534,49,9.9,4.41,90.59,4.85
236,Ankazoabo,0,MG,1563119535,29,-22.29,44.51,67.37,6.04
237,Peleduy,100,RU,1563119537,72,59.63,112.75,63.77,3.38
238,Waitati,85,NZ,1563119538,68,-45.75,170.57,44.01,14.0
239,Innisfail,97,AU,1563119539,83,-17.52,146.03,63.77,6.24
240,Masyaf,20,SY,1563119541,58,35.06,36.34,82.4,10.29
241,Natal,47,BR,1563119536,51,-5.81,-35.21,87.17,12.41
242,Laguna,40,BZ,1563119543,79,16.17,-88.94,86.0,3.2
243,Wanning,75,AT,1563119545,87,48.64,13.53,73.0,5.82
244,Sorland,75,NO,1563119546,76,67.67,12.69,51.8,16.11
245,Kuminskiy,0,RU,1563119547,57,58.67,66.57,77.45,8.25
246,Loandjili,20,CG,1563119548,74,-4.77,11.87,78.8,12.75
247,Capao Bonito,15,BR,1563119550,60,-24.01,-48.35,72.95,6.6
248,Kenai,90,US,1563119551,93,60.55,-151.26,57.0,1.83
249,Constitucion,5,MX,1563119552,60,23.99,-104.67,70.0,11.95
250,Effium,100,NG,1563119553,68,6.63,8.06,84.83,4.83
251,Weihai,59,CN,1563119555,52,37.5,122.11,79.0,1.01
252,Poum,40,MK,1563119556,35,41.28,20.71,73.4,9.17
253,Fairbanks,1,US,1563119267,87,64.84,-147.72,57.99,4.7
254,Turbat,8,PK,1563119558,74,26.0,63.05,81.59,12.12
255,Gazanjyk,0,TM,1563119560,38,39.24,55.52,94.91,19.15
256,Stepnoye,40,RU,1563119561,49,51.38,46.84,73.4,8.95
257,Salalah,94,OM,1563119562,87,17.01,54.1,78.17,13.62
258,Kiunga,99,PG,1563119564,97,-6.12,141.3,72.05,2.95
259,Karonga,0,MW,1563119565,64,-9.94,33.93,62.87,5.79
260,Einbeck,90,DE,1563119566,82,51.82,9.87,64.0,6.93
261,Umm Kaddadah,63,SD,1563119567,31,13.6,26.69,92.21,10.51
262,Lujiang,0,CN,1563119569,78,31.26,117.28,77.0,4.47
263,Fort Nelson,75,CA,1563119570,76,58.81,-122.69,57.2,9.17
264,Manono,0,CD,1563119571,17,-7.3,27.4,94.37,6.62
265,Baykit,48,RU,1563119572,91,61.68,96.39,52.79,1.36
266,Bartica,75,GY,1563119574,83,6.41,-58.62,82.4,6.93
267,Alcaniz,19,ES,1563119575,44,41.05,-0.13,82.0,8.01
268,Yellowknife,20,CA,1563119576,55,62.45,-114.38,62.6,10.29
269,Avera,1,US,1563119562,74,33.19,-82.53,91.0,4.7
270,Hay River,75,CA,1563119579,87,60.82,-115.79,57.2,10.29
271,Undory,20,RU,1563119580,73,54.61,48.39,69.8,8.95
272,Tual,15,ID,1563119581,81,-5.67,132.75,77.63,21.32
273,Isangel,98,VU,1563119583,77,-19.55,169.27,74.57,10.49
274,Caracuaro,82,MX,1563119584,87,19.01,-101.13,71.69,1.63
275,Yanam,75,IN,1563119498,66,16.73,82.22,87.8,8.05
276,Savannah Bight,100,HN,1563119586,77,16.45,-85.85,82.31,17.52
277,Raudeberg,40,NO,1563119588,62,61.99,5.14,62.6,23.04
278,Belmonte,0,PT,1563119497,45,40.36,-7.35,96.01,8.01
279,West Melbourne,1,US,1563119590,66,28.07,-80.65,91.99,9.17
280,Solnechnyy,100,RU,1563119591,87,50.72,136.64,61.97,1.66
281,Ust-Kulom,99,RU,1563119592,94,61.69,53.69,60.17,4.61
282,Nago,40,IT,1563119594,35,45.88,10.89,86.0,8.05
283,Nikolskoye,40,RU,1563119453,55,59.7,30.79,60.8,8.95
284,Ribeiropolis,40,BR,1563119596,78,-10.54,-37.42,78.8,14.99
285,Snezhnogorsk,75,RU,1563119597,66,69.19,33.23,48.2,6.71
286,Katangli,69,RU,1563119599,98,51.71,143.23,48.11,5.44
287,Souillac,0,FR,1563119600,32,45.6,-0.6,82.99,16.11
288,Mar del Plata,99,AR,1563119471,68,-46.43,-67.52,41.27,4.05
289,Coahuayana,93,MX,1563119602,89,18.62,-100.35,76.01,1.36
290,Paamiut,0,GL,1563119603,89,61.99,-49.67,43.25,12.33
291,Mount Isa,12,AU,1563119605,26,-20.73,139.49,55.4,13.87
292,Ravar,0,IR,1563119606,8,31.27,56.81,89.87,5.99
293,Bubaque,100,GW,1563119607,78,11.28,-15.83,79.79,7.16
294,Kaitangata,40,NZ,1563119609,76,-46.28,169.85,41.0,8.01
295,Kalabo,0,ZM,1563119610,12,-15.0,22.67,82.49,3.56
296,Praia da Vitoria,40,PT,1563119611,69,38.73,-27.07,75.2,8.05
297,Ambon,0,FR,1563119612,44,47.55,-2.56,81.0,10.29
298,Victoria,75,BN,1563119614,88,5.28,115.24,78.8,10.94
299,Cabatuan,42,PH,1563119615,86,16.95,121.67,75.11,2.04
300,Khasan,88,RU,1563119617,97,42.43,130.64,58.73,2.84
301,Plettenberg Bay,30,ZA,1563119618,84,-34.05,23.37,56.93,5.88
302,Hereford,20,GB,1563119619,64,52.06,-2.72,73.99,5.82
303,Chakradharpur,84,IN,1563119620,64,22.67,85.62,83.75,6.02
304,Samfya,0,ZM,1563119622,21,-11.37,29.56,79.43,4.56
305,Rubiataba,0,BR,1563119623,20,-15.16,-49.8,87.89,5.91
306,Douentza,0,ML,1563119624,31,15.01,-2.95,95.63,6.02
307,Ucluelet,90,CA,1563119430,93,48.94,-125.55,64.0,4.7
308,Buala,100,SB,1563119627,85,-8.15,159.59,76.55,4.47
309,Bantilan,67,PH,1563119628,90,14.75,121.67,75.29,3.62
310,Bako,76,BF,1563119629,38,12.29,-0.73,92.39,4.74
311,Novochernorechenskiy,0,RU,1563119631,67,56.27,91.08,61.97,6.06
312,Pevek,100,RU,1563119632,94,69.7,170.27,34.07,10.49
313,Parrita,75,CR,1563119633,60,9.52,-84.33,78.8,16.11
314,Gamba,77,CN,1563119529,61,28.28,88.52,45.77,6.6
315,Vanimo,15,PG,1563119636,77,-2.67,141.3,82.85,8.5
316,Formosa do Rio Preto,0,BR,1563119637,30,-11.04,-45.19,86.63,7.67
317,Coquimbo,0,CL,1563119638,47,-29.95,-71.34,55.4,9.91
318,Waipawa,33,NZ,1563119639,85,-39.94,176.59,46.0,5.99
319,College,1,US,1563119641,87,64.86,-147.8,59.0,4.7
320,Srandakan,2,ID,1563119642,79,-7.94,110.25,76.19,17.4
321,Teahupoo,97,PF,1563119643,73,-17.83,-149.27,75.2,11.41
322,Tabory,0,PL,1563119644,48,53.89,19.53,66.99,5.01
323,Sahuaripa,38,MX,1563119646,68,29.05,-109.23,77.63,3.11
324,Finschhafen,100,PG,1563119647,95,-6.6,147.85,64.85,2.51
325,Khandyga,13,RU,1563119470,84,62.65,135.58,63.59,4.94
326,Westerland,90,NL,1563119649,72,52.89,4.93,66.0,11.41
327,Vao,100,EE,1563119651,47,59.1,26.19,60.35,5.53
328,Bonthe,60,SL,1563119652,78,7.53,-12.5,79.79,13.33
329,Saryagash,0,KZ,1563119653,13,41.45,69.17,100.4,9.17
330,Samarai,100,PG,1563119654,96,-10.62,150.67,73.67,10.56
331,Hervey Bay,30,AU,1563119656,45,-25.3,152.85,50.0,5.82
332,Dolneni,40,MK,1563119657,47,41.42,21.45,75.2,9.17
333,Haines Junction,96,CA,1563119658,81,60.75,-137.51,45.23,4.03
334,Bridlington,75,GB,1563119659,72,54.08,-0.19,66.2,13.87
335,Clyde River,75,CA,1563119527,93,70.47,-68.59,42.8,14.99
336,Palmer,75,AU,1563119662,76,-34.85,139.16,53.6,18.34
337,Pacific Grove,90,US,1563119586,93,36.62,-121.92,71.01,8.12
338,Saint Anthony,1,US,1563119664,63,43.97,-111.68,73.99,4.7
339,Pak Phanang,3,TH,1563119666,80,8.35,100.2,78.71,2.68
340,Nemuro,91,JP,1563119667,93,43.32,145.57,53.51,14.7
341,Hovd,75,NO,1563119668,66,63.83,10.7,55.99,9.17
342,Panama City,1,US,1563119669,74,30.16,-85.65,90.0,12.75
343,La Ronge,40,CA,1563119671,82,55.1,-105.3,62.6,5.82
344,Sinnamary,0,GF,1563119672,72,5.38,-52.96,81.41,7.61
345,Buchanan,75,LR,1563119548,74,5.88,-10.05,82.4,13.87
346,Champerico,40,MX,1563119439,74,16.38,-93.6,78.8,4.7
347,Muravlenko,18,RU,1563119676,55,63.79,74.5,80.33,16.17
348,Kavieng,100,PG,1563119532,82,-2.57,150.8,80.69,14.65
349,Morehead,1,US,1563119678,69,38.18,-83.43,84.99,4.7
350,Kizukuri,6,JP,1563119679,87,40.81,140.39,66.0,5.99
351,Ceres,0,BR,1563119681,25,-15.31,-49.6,84.83,4.56
352,Cidreira,100,BR,1563119457,84,-30.17,-50.22,55.49,8.19
353,Bairnsdale,93,AU,1563119683,91,-37.83,147.63,48.0,4.0
354,Black River,20,JM,1563119659,66,18.03,-77.85,88.0,18.34
355,Kingsport,75,US,1563119653,69,36.55,-82.56,81.0,6.93
356,San Jeronimo,13,PE,1563119687,53,-13.65,-73.37,54.95,3.0
357,Banjar,31,ID,1563119688,94,-7.37,108.54,66.83,1.66
358,Pandan,100,PH,1563119689,79,11.72,122.09,81.77,11.63
359,Mackay,40,CA,1563119690,82,53.65,-115.58,59.0,4.7
360,Nouadhibou,24,MR,1563119692,69,20.93,-17.03,75.2,25.28
361,Bilibino,82,RU,1563119445,73,68.06,166.44,58.01,7.27
362,Bathurst,100,AU,1563119694,90,-33.42,149.58,39.99,7.0
363,Marrakesh,0,MA,1563119695,17,31.63,-7.99,102.2,3.36
364,Severo-Yeniseyskiy,37,RU,1563119525,70,60.37,93.04,56.03,3.89
365,Resistencia,90,AR,1563119698,88,-27.45,-58.99,64.4,10.29
366,Serabu,92,SL,1563119699,87,7.79,-12.05,79.43,6.62
367,Quatre Cocos,40,MU,1563119700,60,-20.21,57.76,71.6,5.82
368,Visby,0,SE,1563119702,39,57.64,18.3,66.2,4.7
369,Clarence Town,0,AU,1563119703,63,-32.59,151.78,52.0,3.0
370,La Asuncion,98,AR,1563119704,75,-26.05,-65.39,53.87,4.88
371,Mareeba,42,AU,1563119705,82,-16.99,145.42,62.6,10.29
372,Baruun-Urt,99,MN,1563119707,47,46.68,113.28,69.71,4.68
373,Necochea,33,AR,1563119667,68,-38.55,-58.74,55.99,7.0
374,Katobu,98,ID,1563119709,84,-4.94,122.53,70.79,3.04
375,Santa Cruz del Sur,0,CU,1563119710,61,20.71,-78.0,87.35,13.82
376,Nome,90,US,1563119711,88,30.04,-94.42,84.99,3.36
377,Rio Gallegos,0,AR,1563119510,74,-51.62,-69.22,33.8,3.36
378,Pochutla,40,MX,1563119714,70,15.74,-96.47,88.0,2.3
379,North Bend,40,US,1563119715,87,43.41,-124.22,62.01,3.36
380,Wajir,100,KE,1563119717,47,1.75,40.07,84.83,17.76
381,Tirumullaivasal,100,IN,1563119718,66,11.24,79.84,86.45,15.84
382,Kasempa,0,ZM,1563119719,20,-13.46,25.83,79.25,6.13
383,Catuday,100,PH,1563119720,70,16.29,119.81,85.01,6.82
384,Aklavik,75,CA,1563119722,82,68.22,-135.01,62.6,2.24
385,Axim,13,GH,1563119723,78,4.87,-2.24,76.91,9.46
386,Varhaug,20,NO,1563119724,67,58.61,5.65,59.0,26.4
387,Tura,100,RU,1563119725,79,64.27,100.22,62.33,2.71
388,Pangody,96,RU,1563119722,54,65.85,74.49,79.97,11.36
389,Saint-Pierre,40,FR,1563119728,49,48.95,4.24,73.4,19.46
390,Glendive,1,US,1563119729,69,47.11,-104.71,78.8,9.17
391,Visnes,0,NO,1563119730,71,59.36,5.22,60.01,24.16
392,Nizhnyaya Omka,100,RU,1563119732,83,55.43,74.94,71.87,6.69
393,Ginda,90,IN,1563119733,88,30.69,78.49,77.0,3.36
394,Sipovo,50,BA,1563119734,89,44.28,17.08,61.61,6.26
395,Puteyets,38,RU,1563119735,53,65.17,57.09,70.07,7.36
396,Adrar,0,DZ,1563119737,3,27.87,-0.29,120.2,8.05
397,Prince Rupert,90,CA,1563119738,93,54.32,-130.32,59.0,3.36
398,Dondo,20,MZ,1563119739,64,-19.62,34.74,73.4,6.93
399,Turinsk,77,RU,1563119741,67,58.04,63.7,77.09,9.4
400,North Battleford,1,CA,1563119742,82,52.78,-108.3,71.01,4.7
401,Cabo San Lucas,5,MX,1563119450,66,22.89,-109.91,91.99,11.41
402,Padang,47,ID,1563119744,80,-0.92,100.36,82.85,10.71
403,Griffith,90,AU,1563119746,93,-34.29,146.06,50.0,17.22
404,Taoudenni,37,ML,1563119747,13,22.68,-3.98,110.03,14.25
405,Glens Falls,75,US,1563119699,65,43.31,-73.64,82.4,8.05
406,Eyl,100,SO,1563119749,42,7.98,49.82,88.25,20.78
407,Sladkovo,0,RU,1563119751,78,55.53,70.34,74.75,6.98
408,Jaciara,59,BR,1563119752,28,-15.95,-54.98,91.49,3.0
409,Kaeo,0,NZ,1563119753,95,-35.1,173.78,46.0,4.0
410,Oum Hadjer,0,TD,1563119754,20,13.3,19.7,101.03,6.62
411,Koshurnikovo,45,RU,1563119756,77,54.3,93.39,59.09,3.8
412,Hohhot,0,CN,1563119757,46,40.81,111.65,73.4,6.71
413,San Patricio,100,PY,1563119758,95,-26.98,-56.83,64.85,5.66
414,Vung Tau,34,VN,1563119759,79,10.35,107.08,80.87,11.86
415,Springbok,0,ZA,1563119761,61,-29.67,17.88,61.07,9.1
416,Leningradskiy,100,RU,1563119762,95,69.38,178.42,34.61,2.57
417,Palana,89,RU,1563119763,92,59.08,159.95,51.17,21.14
418,Lompoc,40,US,1563119764,87,34.64,-120.46,68.0,1.25
419,Almaty,40,KZ,1563119766,38,43.24,76.95,77.0,4.47
420,Gizo,0,IL,1563119767,58,31.8,34.94,84.99,9.17
421,Fort Wellington,0,GY,1563119768,52,6.4,-57.6,88.07,5.12
422,Sibolga,98,ID,1563119770,71,1.74,98.78,83.93,5.48
423,Nelson Bay,73,AU,1563119771,63,-32.72,152.14,52.0,3.0
424,Vega de Alatorre,56,MX,1563119772,61,20.03,-96.65,83.21,2.35
425,Cabedelo,75,BR,1563119773,94,-6.97,-34.84,77.0,14.99
426,Apiai,57,BR,1563119775,42,-24.51,-48.84,76.91,5.37
427,Tazovskiy,100,RU,1563119488,63,67.47,78.7,54.23,21.3
428,Bastrop,90,US,1563119777,100,32.78,-91.91,73.99,4.7
429,Ust-Kuyga,100,RU,1563119778,83,70.0,135.55,45.95,11.12
430,Tijuana,40,MX,1563119780,82,32.5,-116.96,78.01,3.02
431,Portree,14,GB,1563119781,76,57.41,-6.19,64.0,8.99
432,Zhuhai,0,CN,1563119782,46,40.71,112.04,73.4,6.71
433,Alofi,0,NU,1563119783,73,-19.06,-169.92,71.6,8.05
434,Sovetskiy,97,RU,1563119785,80,56.76,48.47,68.63,1.81
435,Lianran,75,CN,1563119786,93,24.92,102.47,75.0,6.71
436,Coihaique,75,CL,1563119544,93,-45.58,-72.07,39.2,6.93
437,Leh,42,IN,1563119788,47,34.16,77.58,47.57,0.56
438,Tokur,100,RU,1563119790,99,53.13,132.9,55.13,2.91
439,Vila do Maio,75,CV,1563119791,52,15.13,-23.22,89.6,11.41
440,Thai Binh,20,VN,1563119792,89,20.45,106.33,87.8,8.05
441,Mallaig,55,CA,1563119793,84,54.21,-111.37,62.87,3.06
442,College Station,90,US,1563119584,74,30.63,-96.33,84.99,8.05
443,Faya,40,SA,1563119603,57,18.39,42.45,91.4,11.41
444,Sungaipenuh,81,ID,1563119797,98,-2.08,101.38,74.75,1.14
445,Nador,0,MA,1563119621,35,35.17,-2.93,89.6,16.11
446,Den Helder,90,NL,1563119800,72,52.96,4.76,64.99,11.41
447,Berlevag,75,NO,1563119801,75,70.86,29.09,48.2,8.05
448,Nenjiang,93,CN,1563119802,92,49.17,125.23,65.57,3.36
449,Dongsheng,100,CN,1563119803,84,29.72,112.52,76.19,2.71
450,Enshi,100,CN,1563119805,93,30.29,109.48,64.49,4.18
451,Alyangula,66,AU,1563119806,77,-13.85,136.42,62.6,2.24
452,Miramar,90,CR,1563119702,69,10.09,-84.73,78.8,13.87
453,Anadyr,75,RU,1563119808,93,64.73,177.51,57.2,11.18
454,Kukes,78,AL,1563119730,56,42.08,20.42,68.27,2.15
455,Pangnirtung,99,CA,1563119811,41,66.15,-65.72,55.85,5.91
456,Grindavik,75,IS,1563119812,87,63.84,-22.43,57.2,14.99
457,Blagoyevo,87,RU,1563119813,38,63.37,47.92,68.81,1.21
458,Ballina,20,IE,1563119815,49,54.11,-9.15,75.0,6.93
459,Drugovo,40,MK,1563119816,35,41.49,20.93,73.4,9.17
460,Porto Velho,20,BR,1563119817,79,-8.75,-63.87,91.4,6.93
461,Nantucket,1,US,1563119819,66,41.28,-70.1,86.0,6.93
462,Mount Gambier,75,AU,1563119820,81,-37.83,140.78,50.0,17.22
463,Santo Tomas,90,PH,1563119821,100,7.53,125.62,77.0,1.12
464,Melito di Porto Salvo,40,IT,1563119822,78,37.92,15.77,82.99,8.05
465,Yerbogachen,100,RU,1563119824,65,61.28,108.01,66.47,4.12
466,Saint-Leu,40,RE,1563119825,64,-21.15,55.28,69.8,5.82
467,Pryazha,75,RU,1563119826,58,61.69,33.62,57.2,4.47
468,Norrtalje,0,SE,1563119828,35,59.76,18.7,77.0,8.05
469,Danielskuil,0,ZA,1563119829,16,-28.19,23.54,67.01,10.27
470,Balkanabat,0,TM,1563119831,42,39.51,54.36,88.61,20.8
471,Tire,40,TR,1563119832,60,38.09,27.73,75.2,17.22
472,Rafaela,71,AR,1563119833,55,-31.25,-61.49,60.01,3.0
473,Santo Angelo,100,BR,1563119834,94,-28.3,-54.26,60.71,6.15
474,Ingham,88,AU,1563119836,84,-18.65,146.16,57.83,1.52
475,Kavaratti,100,IN,1563119837,73,10.57,72.64,83.39,16.69
476,Bonavista,95,CA,1563119838,83,48.65,-53.11,51.01,5.99
477,Palembang,5,ID,1563119840,89,-2.99,104.76,74.03,4.0
478,Charters Towers,100,AU,1563119841,47,-20.07,146.27,52.25,11.54
479,Ironton,1,US,1563119821,61,38.54,-82.68,88.0,4.7
480,Seoul,75,KR,1563119724,94,37.57,126.98,77.0,2.24
481,Tres Arroyos,92,AR,1563119844,56,-38.38,-60.28,51.71,8.55
482,Harnosand,75,SE,1563119846,72,62.63,17.94,66.99,10.29
483,Port Blair,100,IN,1563119847,77,11.67,92.75,84.29,22.17
484,Mana,4,NG,1563119567,31,13.03,5.27,96.89,6.24
485,Paso de los Toros,0,UY,1563119849,73,-32.81,-56.52,52.25,6.06
486,Dicabisagan,100,PH,1563119851,91,17.08,122.42,74.93,2.68
487,Lambarene,67,GA,1563119852,58,-0.7,10.22,83.75,5.66
488,Anori,9,BR,1563119853,53,-3.74,-61.66,89.51,4.21
489,Wenling,100,CN,1563119855,97,28.38,121.38,80.01,1.63
490,Bharatpur,0,IN,1563119856,28,27.22,77.5,101.03,12.97
491,Rocha,63,UY,1563119846,77,-34.48,-54.34,50.81,7.52
492,Badarganj,100,BD,1563119858,89,25.68,89.06,79.97,5.82
493,Port-Gentil,75,GA,1563119811,74,-0.72,8.78,80.6,12.75
494,Zvishavane,0,ZW,1563119861,28,-20.32,30.05,69.71,8.75
495,Isla Mujeres,75,MX,1563119573,74,21.23,-86.73,84.2,6.93
496,Doka,41,SD,1563119863,50,13.52,35.76,88.61,9.84
497,Aguimes,40,ES,1563119864,73,27.91,-15.45,78.01,36.91
498,Antalaha,75,MG,1563119866,88,-14.9,50.28,60.35,2.89
499,Mwinilunga,0,ZM,1563119867,19,-11.73,24.43,79.25,6.44
500,Mayor Pablo Lagerenza,100,PY,1563119868,55,-19.93,-60.77,77.45,3.91
501,Roald,40,NO,1563119869,76,62.58,6.12,57.2,8.05
502,Trani,0,IT,1563119871,47,41.28,16.42,80.6,12.75
503,Lang Son,100,VN,1563119872,98,21.83,106.73,74.57,0.94
504,Marawi,100,PH,1563119873,96,8.0,124.29,75.0,3.0
505,Aleksandrov Gay,100,RU,1563119875,56,50.14,48.57,71.87,8.46
506,Nalut,0,LY,1563119876,7,31.86,10.98,111.11,12.44
507,Barkly West,0,ZA,1563119877,13,-28.54,24.52,80.6,3.36
508,Polunochnoye,100,RU,1563119878,57,60.87,60.43,78.53,9.86
509,Oeiras do Para,50,BR,1563119880,70,-2.0,-49.85,86.09,3.8
510,Katete,98,UG,1563119881,67,-0.78,29.75,76.37,0.31
511,Najran,20,SA,1563119882,11,17.54,44.22,96.8,9.17
512,Hammerfest,75,NO,1563119883,66,70.66,23.68,51.8,11.41
513,Wajima,33,JP,1563119885,83,37.4,136.9,70.97,10.49
514,Vargem Alta,0,BR,1563119886,38,-20.67,-41.01,80.15,4.12
515,Bethanien,0,NA,1563119887,9,-26.5,17.16,76.37,15.55
516,Topolobampo,40,MX,1563119888,66,25.6,-109.05,90.0,4.7
517,Estevan,1,CA,1563119890,69,49.14,-102.99,80.01,5.82
518,Grandview,40,US,1563119891,66,38.89,-94.53,88.0,4.7
519,Hirara,0,JP,1563119892,83,24.8,125.28,84.11,9.64
520,Berdigestyakh,100,RU,1563119894,95,62.1,126.7,63.77,5.1
521,Mobaye,82,CF,1563119895,81,4.33,21.18,79.07,5.64
522,Houma,95,CN,1563119896,38,35.63,111.36,83.39,6.11
523,Husavik,100,CA,1563119898,75,50.56,-96.99,73.99,5.01
524,Ferndale,90,US,1563119899,82,48.85,-122.59,64.99,8.05
525,Andros Town,40,BS,1563119900,62,24.73,-77.79,88.0,11.41
526,Bajina Basta,40,BA,1563119901,82,43.97,19.57,60.8,9.17
527,Yamada,75,JP,1563119903,94,36.58,137.08,72.0,3.36
528,Chicama,90,PE,1563119904,82,-7.84,-79.15,64.4,8.05
529,Pathanamthitta,100,IN,1563119905,88,9.27,76.79,77.99,5.19
530,Sorong,100,ID,1563119884,89,-0.86,131.25,74.03,9.17
531,Utica,40,US,1563119629,69,43.1,-75.23,75.99,11.41
532,San Carlos de Bariloche,75,AR,1563119909,80,-41.13,-71.31,41.0,23.04
533,Lakselv,75,NO,1563119910,61,70.05,24.96,51.8,10.29
534,Mayskiy,20,RU,1563119911,53,43.63,44.06,71.6,4.47
535,Gandu,100,CN,1563119913,80,35.89,102.33,51.35,1.21
536,Yumen,0,CN,1563119914,19,40.29,97.04,81.23,8.84
537,Kununurra,0,AU,1563119915,22,-15.77,128.74,69.8,11.41
538,Euclides da Cunha,100,BR,1563119916,61,-10.51,-39.01,77.09,7.96
539,Le Mars,1,US,1563119918,66,42.79,-96.17,84.99,12.75
540,Bandarbeyla,97,SO,1563119919,38,9.49,50.81,90.41,24.65
541,Calabozo,20,VE,1563119920,76,8.92,-67.43,81.59,9.71
542,Carutapera,100,BR,1563119921,68,-1.2,-46.02,83.75,10.0
543,Santa Isabel do Rio Negro,94,BR,1563119923,84,-0.41,-65.02,81.23,3.38
544,Qaqortoq,75,GL,1563119924,48,60.72,-46.03,62.6,8.05
545,Nizhniy Kuranakh,13,RU,1563119925,94,58.84,125.49,60.89,2.77
546,Kampong Chhnang,66,KH,1563119927,69,12.25,104.67,84.11,4.07
547,Roseburg,1,US,1563119928,72,43.22,-123.34,66.99,1.07
548,Chifeng,0,CN,1563119929,65,42.27,118.96,65.39,1.1
549,Smirnykh,86,RU,1563119930,98,49.74,142.83,50.09,3.51
550,Richards Bay,0,ZA,1563119932,78,-28.77,32.06,72.41,22.73
551,Utinga,47,BR,1563119933,51,-5.82,-35.4,87.17,12.41
552,Ylivieska,99,FI,1563119934,56,64.07,24.53,62.01,3.0
553,Sioux Lookout,90,CA,1563119828,82,50.1,-91.92,68.0,8.05
554,Aquin,4,HT,1563119937,65,18.28,-73.39,89.01,1.01
555,Naze,65,NG,1563119938,65,5.43,7.07,86.09,5.41
556,Bantigue,100,PH,1563119940,90,10.99,124.62,74.93,1.14
557,Lavrentiya,98,RU,1563119941,89,65.58,-170.99,52.25,4.03
558,Touros,0,BR,1563119795,80,-5.2,-35.46,79.43,16.49
559,Toora-Khem,100,RU,1563119943,96,52.47,96.11,57.29,5.59
560,Coihueco,75,CL,1563119945,71,-36.63,-71.83,53.6,9.17
561,Esperance,0,AU,1563119946,87,-33.86,121.89,46.4,8.05
562,Scarborough,12,GB,1563119801,67,54.28,-0.41,66.2,10.29
563,San Rafael,0,AR,1563119948,26,-34.61,-68.33,52.61,2.42
564,Pombia,20,GR,1563119949,66,35.01,24.87,84.2,10.29
565,Nokaneng,0,BW,1563119951,11,-19.66,22.19,78.35,7.23
566,Tautira,97,PF,1563119952,73,-17.73,-149.15,73.4,9.17
